Artist,Song,Album,Date
Armors,Kerosene,Kerosene,"September 23, 2019 at 02:52PM"
Armors,Who’s Gonna Love Me (When I’m Not Young),Human Touch,"September 23, 2019 at 03:15PM"
Arrested Youth,Fear,My Friends Are Robots,"September 23, 2019 at 04:13PM"
Arrested Youth,Fear,Black X White,"September 23, 2019 at 04:20PM"
Artist Vs Poet,Medicine,Break Away (Piano Version),"September 23, 2019 at 04:42PM"
Artist Vs Poet,Medicine,Kids Again,"September 23, 2019 at 04:49PM"
"Whethan, Ashe",Can't Hide feat. Ashe,Can't Hide,"September 25, 2019 at 10:49AM"
"Party Pupils, MAX, Ashe",Love Me For The Weekend (with Ashe),Love Me For The Weekend (with Ashe),"September 25, 2019 at 10:58AM"
Ashe,Moral of the Story,Moral of the Story,"September 25, 2019 at 12:39PM"
"filous, Ashe",Monday (with Ashe),Monday (with Ashe),"September 25, 2019 at 12:42PM"
Ashe,Cold in California,Cold in California,"September 25, 2019 at 12:47PM"
Ashe,Moral of the Story: Chapter 2,Not How It's Supposed To Go,"September 25, 2019 at 01:31PM"
"Quinn XCII, Ashe, Louis Futon",From Michigan With Love,Right Where You Should Be (feat. Ashe & Louis Futon),"September 25, 2019 at 01:43PM"
"Big Gigantic, Ashe",Friends,Friends,"September 25, 2019 at 01:55PM"
"Big Gigantic, Ashe",Friends,Friends,"September 29, 2019 at 04:20PM"
Ashe,The Rabbit Hole,We Get High,"September 29, 2019 at 04:40PM"
Ashe,Moral of the Story: Chapter 1,"Shitty Places, Pretty Faces","September 29, 2019 at 04:46PM"
Ashworth,God Must Be a Lonely Man,God Must Be a Lonely Man,"September 29, 2019 at 05:14PM"
Astre,For so Long,Stay in Your Bed,"September 29, 2019 at 05:25PM"
"Astre, Kensho",Something to Believe,Something to Believe,"September 29, 2019 at 05:29PM"
Astrid S,Someone New,Someone New,"September 29, 2019 at 05:46PM"
"JP Cooper, Astrid S",Sing It With Me,Sing It With Me,"September 29, 2019 at 05:49PM"
Astrid S,Trust Issues,Doing To Me,"September 29, 2019 at 06:05PM"
Astrid S,Emotion,Emotion,"September 29, 2019 at 06:15PM"
"Blonde, Astrid S",Just For One Night (feat. Astrid S),Just For One Night (feat. Astrid S),"September 29, 2019 at 06:34PM"
Astrid S,Think Before I Talk,Think Before I Talk,"September 29, 2019 at 06:36PM"
Astrid S,Astrid S,Atic,"September 29, 2019 at 06:43PM"
Astronomyy,Rest in Paradise,Hypnotized,"September 29, 2019 at 09:37PM"
Astronomyy,Rest in Paradise,Things I'd Do for U,"September 29, 2019 at 09:50PM"
Astronomyy,Rest in Paradise,Everythin' on My Mind,"September 29, 2019 at 09:59PM"
Astronomyy,Rest in Paradise,Don't Need U,"September 29, 2019 at 10:09PM"
Astronomyy,Rest in Paradise,Rest in Paradise,"September 29, 2019 at 10:12PM"
Astronomyy,The Secret,The Secret,"September 29, 2019 at 10:16PM"
Astronomyy,Somethin About U,Somethin About U,"September 29, 2019 at 10:19PM"
Astronomyy,When I'm With U - EP,Not Into U,"September 29, 2019 at 10:26PM"
Astronomyy,When I'm With U - EP,When I'm With U,"September 29, 2019 at 10:30PM"
"Astronomyy, Denai Moore",When I'm With U - EP,All I Need,"September 29, 2019 at 10:32PM"
Astronomyy,When I'm With U - EP,Swim Deeper,"September 29, 2019 at 10:36PM"
Astronomyy,There For U,Nothin On My Mind,"September 29, 2019 at 10:41PM"
Astronomyy,There For U,U Make Me Feel Good,"September 29, 2019 at 10:45PM"
Astronomyy,There For U,Pack Of Wolves,"September 29, 2019 at 10:47PM"
Astronomyy,There For U,There For U,"September 29, 2019 at 10:54PM"
"Billie Eilish, Astronomyy",Ocean Eyes (The Remixes),Ocean Eyes - Astronomyy Remix,"September 29, 2019 at 10:56PM"
Athlete,Tourist,Wires,"September 30, 2019 at 07:04PM"
Atlas Bound,Lullaby EP,Lullaby,"September 30, 2019 at 07:09PM"
ATO,Man of the House,Monster,"September 30, 2019 at 07:49PM"
"ATO, EDEN",Intro (feat. EDEN),You Know (feat. EDEN),"September 30, 2019 at 07:59PM"
"Attom, Blonde Maze",Anywhere,Anywhere,"September 30, 2019 at 08:02PM"
Audego,Glaciers,Side Effects,"September 30, 2019 at 08:27PM"
Augustine,Wishful Thinking,A Scent of Lily,"October 1, 2019 at 10:38AM"
Augustine,Wishful Thinking,Viola,"October 1, 2019 at 10:43AM"
Augustine,Wishful Thinking,Wishful Thinking,"October 1, 2019 at 10:46AM"
AURORA,All My Demons Greeting Me as a Friend (Deluxe),Runaway,"October 1, 2019 at 10:54AM"
AURORA,All My Demons Greeting Me as a Friend (Deluxe),Lucky,"October 1, 2019 at 12:13PM"
AURORA,All My Demons Greeting Me as a Friend (Deluxe),Winter Bird,"October 1, 2019 at 12:26PM"
Alex Lustig,Wave002,Free Form,"October 12, 2019 at 08:54PM"
"Andrew Applepie, Dario Lessing",Six Chill Beats,Dolphins,"October 15, 2019 at 01:56PM"
"Andrew Applepie, Dario Lessing",Six Chill Beats,In Between,"October 15, 2019 at 02:04PM"
"Andrew Applepie, Dario Lessing",Six Chill Beats,Jam,"October 15, 2019 at 02:08PM"
Active Child,All Eyes on You,All Eyes on You,"October 15, 2019 at 02:16PM"
A R I Z O N A,ASYLUM,Let Me Know,"October 15, 2019 at 02:21PM"
A R I Z O N A,ASYLUM,Where You Are,"October 15, 2019 at 02:26PM"
A R I Z O N A,ASYLUM,Don't Leave,"October 15, 2019 at 02:29PM"
A R I Z O N A,ASYLUM,Nostalgic,"October 15, 2019 at 02:32PM"
A R I Z O N A,ASYLUM,Find Someone,"October 15, 2019 at 02:32PM"
A R I Z O N A,ASYLUM,Trouble,"October 15, 2019 at 02:36PM"
A R I Z O N A,ASYLUM,Problems,"October 15, 2019 at 02:37PM"
A R I Z O N A,ASYLUM,Freaking Out,"October 15, 2019 at 02:40PM"
A R I Z O N A,ASYLUM,Still Alive,"October 15, 2019 at 02:43PM"
4rif,At Last Sight,Wonderful Miracle,"October 15, 2019 at 02:52PM"
4rif,At Last Sight,Roses,"October 15, 2019 at 02:55PM"
4rif,At Last Sight,Channel Lovely,"October 15, 2019 at 03:07PM"
4rif,At Last Sight,The Window,"October 15, 2019 at 03:09PM"
"American Authors, Phillip Phillips, Maddie Poppe",Bring It On Home (feat. Phillip Phillips & Maddie Poppe),Bring It On Home (feat. Phillip Phillips & Maddie Poppe),"October 15, 2019 at 03:20PM"
Adam Barnes,Future,Future,"October 15, 2019 at 03:30PM"
Adam Barnes,Hades,Hades,"October 15, 2019 at 03:33PM"
Aaron Sprinkle,"Instrumentals, Vol. 3: North Coast",Walk It Off,"October 15, 2019 at 04:32PM"
Aaron Sprinkle,"Instrumentals, Vol. 3: North Coast",Forester Pass,"October 15, 2019 at 04:40PM"
"The Anahit, anatu",lonely,lonely,"October 15, 2019 at 04:45PM"
Abhi The Nomad,Me No Evil,Me No Evil,"October 15, 2019 at 04:47PM"
Abhi The Nomad,Modern Trash,Silicon Valley,"October 15, 2019 at 05:02PM"
"Abhi The Nomad, Sol",Modern Trash,Modern Boi,"October 15, 2019 at 05:06PM"
Amber Run,Philophobia,No One Gets out Alive,"October 15, 2019 at 08:32PM"
Amber Run,Philophobia,What Could Be as Lonely as Love,"October 15, 2019 at 08:37PM"
Akurei,September,Quarter Tank Full,"October 18, 2019 at 03:16PM"
Akurei,September,Hollow,"October 18, 2019 at 03:23PM"
Active Child,Set Me Free / All Eyes on You / Cruel World,Set Me Free,"October 18, 2019 at 03:27PM"
Active Child,Set Me Free / All Eyes on You / Cruel World,All Eyes on You,"October 18, 2019 at 03:28PM"
"Visceral Design, Zubi, anatu",she fall,she fall,"October 18, 2019 at 03:38PM"
"Internet Money, Lil Tecca, A Boogie Wit da Hoodie",Somebody,Somebody,"October 18, 2019 at 03:43PM"
Andrew Ripp,Something Beautiful,Something Beautiful,"October 18, 2019 at 03:46PM"
AM!R,Take Off,Take Off,"October 18, 2019 at 03:52PM"
Amber Run,The Darkness Has a Voice,The Darkness Has a Voice,"October 18, 2019 at 03:56PM"
A Little Nothing,This Song,This Song,"October 18, 2019 at 03:58PM"
6 Dogs,Waffle House Song,Waffle House Song,"October 18, 2019 at 04:06PM"
"Visceral Design, anatu",mirage,dream of another way out,"October 19, 2019 at 12:27AM"
"Visceral Design, anatu",mirage,tears i can't hold inside,"October 19, 2019 at 12:29AM"
AURORA,All My Demons Greeting Me as a Friend (Deluxe),Warrior,"October 19, 2019 at 11:17AM"
AURORA,All My Demons Greeting Me as a Friend (Deluxe),"Murder Song (5, 4, 3, 2, 1)","October 19, 2019 at 11:18AM"
AURORA,All My Demons Greeting Me as a Friend (Deluxe),Under the Water,"October 19, 2019 at 11:26AM"
AURORA,Infections of a Different Kind (Step I),Queendom,"October 19, 2019 at 11:47AM"
AURORA,Infections of a Different Kind (Step I),Forgotten Love,"October 19, 2019 at 11:51AM"
AURORA,Infections of a Different Kind (Step I),Soft Universe,"October 19, 2019 at 12:08PM"
AURORA,A Different Kind Of Human (Step II),Dance On The Moon,"October 19, 2019 at 12:30PM"
AURORA,A Different Kind Of Human (Step II),Daydreamer,"October 19, 2019 at 12:33PM"
AURORA,A Different Kind Of Human (Step II),In Bottles,"October 19, 2019 at 12:43PM"
AURORA,A Different Kind Of Human (Step II),A Different Kind Of Human,"October 19, 2019 at 12:48PM"
AURORA,A Different Kind Of Human (Step II),The Seed,"October 19, 2019 at 12:57PM"
Askjell,To Be Loved,"Autumn, Autumn","October 19, 2019 at 01:14PM"
"Askjell, AURORA",To Be Loved,To Be Loved,"October 19, 2019 at 01:18PM"
"Autograf, WYNNE",Love & Retrograde,Test the Waters,"October 19, 2019 at 02:37PM"
Autograf,Love & Retrograde,Retrograde,"October 19, 2019 at 02:40PM"
"Autograf, John Splithoff",Hold Me Back,Hold Me Back (feat. John Splithoff),"October 19, 2019 at 02:44PM"
"Autograf, The Griswolds",Love & Retrograde,Casual Love,"October 19, 2019 at 02:48PM"
"Autograf, French Horn Rebellion, Flyboy",Gravity / Dead Soon (Remixes),Gravity (Flyboy Remix feat. French Horn Rebellion & Flyboy),"October 19, 2019 at 02:58PM"
"Autograf, French Horn Rebellion",Gravity (feat. French Horn Rebellion),Gravity (feat. French Horn Rebellion),"October 19, 2019 at 03:03PM"
"Autograf, Lils, Bonsai Mammal",Dead Soon (Chill Mix),Dead Soon - Chill Mix,"October 19, 2019 at 03:08PM"
"Autograf, Klingande, Dragonette",Hope For Tomorrow,Hope For Tomorrow,"October 19, 2019 at 03:13PM"
Autograf,Sleepless In NYC,Sleepless In NYC,"October 19, 2019 at 03:17PM"
"Autograf, WYNNE",Nobody Knows (feat. WYNNE),Nobody Knows (feat. WYNNE),"October 19, 2019 at 03:37PM"
"ALMA, French Montana, Autograf",Phases (Autograf Remix),Phases - Autograf Remix,"October 19, 2019 at 03:45PM"
"Clean Bandit, Autograf, Sean Paul, Anne-Marie",Rockabye (feat. Sean Paul & Anne-Marie) [Autograf Remix],Rockabye (feat. Sean Paul & Anne-Marie) - Autograf Remix,"October 19, 2019 at 03:51PM"
"Juke Ross, Autograf",Colour Me (Autograf Remix),Colour Me - Autograf Remix,"October 19, 2019 at 03:56PM"
Autograf,Episode (Dub Mix),Episode (Dub Mix),"October 19, 2019 at 04:01PM"
"Klangstof, Autograf",We Are Your Receiver (Autograf Remix),We Are Your Receiver - Autograf Remix,"October 19, 2019 at 04:05PM"
Autograf,Dream,Dream,"October 19, 2019 at 04:07PM"
"Autograf, Patrick Baker",Future Soup,Future Soup,"October 19, 2019 at 04:23PM"
Autograf,Don’t Worry,Don’t Worry,"October 19, 2019 at 04:25PM"
"Autograf, Janelle Kroll",Metaphysical,Metaphysical,"October 19, 2019 at 04:25PM"
Autograf,Heartbeat,Heartbeat,"October 19, 2019 at 04:27PM"
Autograf,Future Soup EP,Ocean Glass,"October 19, 2019 at 04:42PM"
"Bastille, Autograf",Good Grief (Autograf Remix),Good Grief - Autograf Remix,"October 19, 2019 at 04:48PM"
"Christina Perri, Autograf",burning gold remixes,burning gold - Autograf Remix,"October 19, 2019 at 04:53PM"
"GRiZ, Autograf",For the Love (Remix) - EP,For the Love (Autograf Remix),"October 19, 2019 at 05:07PM"
"ODESZA, Shy Girls, Autograf",All We Need Remixes,All We Need (feat. Shy Girls) - Autograf Remix,"October 19, 2019 at 05:11PM"
"Alesso, Roy English, Autograf",Cool (Autograf Remix),Cool - Autograf Remix,"October 19, 2019 at 05:18PM"
"The Griswolds, Autograf",Beware the Dog (Autograf Remix),Beware the Dog (Autograf Remix),"October 19, 2019 at 05:24PM"
"Avicii, Autograf",Waiting For Love (Remixes),Waiting For Love - Autograf Remix,"October 19, 2019 at 05:28PM"
"French Horn Rebellion, Savoir Adore, Autograf",The Fire - EP,The Fire (Autograf Remix),"October 19, 2019 at 05:34PM"
"Autograf, Victoria Zaro",Simple,Simple,"October 23, 2019 at 11:26AM"
Autoheart,Punch,Agoraphobia,"October 23, 2019 at 11:32AM"
Autoheart,Punch,Moscow,"October 23, 2019 at 11:43AM"
Autoheart,Punch,Hungover in the City of Dust,"October 23, 2019 at 11:48AM"
Henry Green,Shift,Another Light,"October 27, 2019 at 10:26AM"
